头像,用户名
//pic.qiushibaike.com/system/avtnew/3275/32757367/thumb/20190529234130.jpg?imageView2/1/w/90/h/90,"
只在彼山中
"
//pic.qiushibaike.com/system/avtnew/3788/37883273/thumb/20180805220452.jpg?imageView2/1/w/90/h/90,"
天热打鼓球
"
//pic.qiushibaike.com/system/avtnew/2843/28437800/thumb/20190607080130.jpg?imageView2/1/w/90/h/90,"
精灵不次饭
"
//pic.qiushibaike.com/system/avtnew/2022/20223861/thumb/2018010908070030.JPEG?imageView2/1/w/90/h/90,"
骷OoO髅
"
//pic.qiushibaike.com/system/avtnew/2431/24311535/thumb/20150524202847.jpg?imageView2/1/w/90/h/90,"
任我一世不羁
"
//static.qiushibaike.com/images/thumb/anony.png?v=b61e7f5162d14b7c0d5f419cd6649c87,匿名用户
//pic.qiushibaike.com/system/avtnew/3302/33028477/thumb/20190817125445.jpg?imageView2/1/w/90/h/90,"
依丽若水
"
//pic.qiushibaike.com/system/avtnew/873/8737794/thumb/20190820104519.jpg?imageView2/1/w/90/h/90,"
十里柔情一帘幽梦
"
//pic.qiushibaike.com/system/avtnew/4010/40105177/thumb/20190626130524.jpg?imageView2/1/w/90/h/90,"
VX佛系怪兽君
"
//pic.qiushibaike.com/system/avtnew/2862/28622152/thumb/20150525150708.jpg?imageView2/1/w/90/h/90,"
领悟~释怀
"
//pic.qiushibaike.com/system/avtnew/2759/27598708/thumb/20171130160144.JPEG?imageView2/1/w/90/h/90,"
死去的帅哥
"
//pic.qiushibaike.com/system/avtnew/2333/23331917/thumb/20190819212643.jpg?imageView2/1/w/90/h/90,"
傻晴°
"
//pic.qiushibaike.com/system/avtnew/1291/12910661/thumb/20190730145040.jpg?imageView2/1/w/90/h/90,"
陸圆圆
"
//pic.qiushibaike.com/system/avtnew/3347/33472521/thumb/20190428121518.jpg?imageView2/1/w/90/h/90,"
leo咫尺天涯
"
//pic.qiushibaike.com/system/avtnew/2655/26552552/thumb/20150313121840.jpg?imageView2/1/w/90/h/90,"
嗅出那味道
"
//pic.qiushibaike.com/system/avtnew/3347/33472521/thumb/20190428121518.jpg?imageView2/1/w/90/h/90,"
leo咫尺天涯
"
//pic.qiushibaike.com/system/avtnew/4247/42479994/thumb/20190713200126.jpg?imageView2/1/w/90/h/90,"
爆笑菌boy
"
//pic.qiushibaike.com/system/avtnew/4016/40165549/thumb/20190816223048.jpg?imageView2/1/w/90/h/90,"
小苏溪
"
//pic.qiushibaike.com/system/avtnew/1324/13245853/thumb/20190817145821.jpg?imageView2/1/w/90/h/90,"
半截烟云
"
//pic.qiushibaike.com/system/avtnew/2816/28164024/thumb/20150504223128.jpg?imageView2/1/w/90/h/90,"
杀猪刀…
"
//pic.qiushibaike.com/system/avtnew/3221/32215536/thumb/20181122212921.jpg?imageView2/1/w/90/h/90,"
吃了两碗又盛
"
//pic.qiushibaike.com/system/avtnew/3054/30545015/thumb/20190519171120.jpg?imageView2/1/w/90/h/90,"
花落彼岸～任逍遥
"
//pic.qiushibaike.com/system/avtnew/3347/33472521/thumb/20190428121518.jpg?imageView2/1/w/90/h/90,"
leo咫尺天涯
"
//pic.qiushibaike.com/system/avtnew/3497/34975132/thumb/20190818170628.jpg?imageView2/1/w/90/h/90,"
-小门神～
"
//pic.qiushibaike.com/system/avtnew/1609/16091729/thumb/20150916132849.jpg?imageView2/1/w/90/h/90,"
你逗逼吗？
"
